inadimplente,id_solicitante
1,20001
1,20002
1,20003
0,20004
0,20005
0,20006
0,20007
1,20008
1,20009
1,20010
1,20011
0,20012
0,20013
1,20014
1,20015
0,20016
0,20017
0,20018
1,20019
1,20020
0,20021
1,20022
1,20023
1,20024
1,20025
0,20026
1,20027
0,20028
0,20029
1,20030
0,20031
1,20032
0,20033
0,20034
0,20035
1,20036
1,20037
0,20038
0,20039
0,20040
0,20041
1,20042
1,20043
0,20044
1,20045
0,20046
1,20047
1,20048
1,20049
1,20050
1,20051
1,20052
0,20053
0,20054
0,20055
0,20056
1,20057
1,20058
0,20059
0,20060
1,20061
0,20062
0,20063
1,20064
1,20065
0,20066
1,20067
1,20068
1,20069
1,20070
0,20071
0,20072
1,20073
0,20074
1,20075
0,20076
1,20077
0,20078
1,20079
0,20080
1,20081
1,20082
1,20083
1,20084
1,20085
1,20086
0,20087
1,20088
0,20089
0,20090
0,20091
1,20092
0,20093
0,20094
1,20095
1,20096
0,20097
1,20098
1,20099
0,20100
0,20101
1,20102
1,20103
0,20104
1,20105
1,20106
1,20107
0,20108
1,20109
0,20110
0,20111
0,20112
1,20113
0,20114
1,20115
1,20116
1,20117
1,20118
0,20119
1,20120
0,20121
1,20122
0,20123
1,20124
0,20125
0,20126
0,20127
0,20128
0,20129
0,20130
1,20131
1,20132
0,20133
1,20134
1,20135
1,20136
0,20137
1,20138
1,20139
1,20140
1,20141
1,20142
0,20143
1,20144
1,20145
1,20146
1,20147
0,20148
1,20149
0,20150
1,20151
0,20152
0,20153
1,20154
1,20155
1,20156
0,20157
0,20158
0,20159
0,20160
1,20161
0,20162
0,20163
1,20164
1,20165
1,20166
1,20167
1,20168
1,20169
0,20170
0,20171
1,20172
1,20173
0,20174
0,20175
1,20176
1,20177
1,20178
1,20179
1,20180
1,20181
0,20182
0,20183
1,20184
1,20185
1,20186
1,20187
0,20188
0,20189
1,20190
0,20191
0,20192
0,20193
1,20194
1,20195
1,20196
0,20197
1,20198
0,20199
1,20200
0,20201
0,20202
0,20203
0,20204
1,20205
0,20206
0,20207
0,20208
0,20209
1,20210
0,20211
1,20212
1,20213
1,20214
0,20215
1,20216
0,20217
1,20218
0,20219
1,20220
0,20221
1,20222
0,20223
1,20224
1,20225
1,20226
1,20227
0,20228
1,20229
0,20230
1,20231
1,20232
0,20233
0,20234
1,20235
1,20236
1,20237
0,20238
1,20239
0,20240
0,20241
1,20242
0,20243
1,20244
0,20245
0,20246
0,20247
1,20248
1,20249
1,20250
0,20251
1,20252
1,20253
1,20254
0,20255
1,20256
0,20257
0,20258
1,20259
0,20260
0,20261
0,20262
1,20263
1,20264
0,20265
1,20266
1,20267
1,20268
0,20269
0,20270
1,20271
1,20272
0,20273
1,20274
0,20275
1,20276
0,20277
0,20278
1,20279
1,20280
1,20281
0,20282
0,20283
1,20284
1,20285
0,20286
1,20287
0,20288
1,20289
0,20290
0,20291
0,20292
0,20293
1,20294
1,20295
0,20296
0,20297
1,20298
0,20299
1,20300
0,20301
1,20302
0,20303
1,20304
0,20305
1,20306
0,20307
0,20308
1,20309
0,20310
0,20311
1,20312
1,20313
0,20314
0,20315
0,20316
0,20317
1,20318
0,20319
0,20320
1,20321
0,20322
1,20323
1,20324
1,20325
1,20326
0,20327
1,20328
0,20329
0,20330
0,20331
1,20332
0,20333
0,20334
1,20335
0,20336
1,20337
1,20338
1,20339
1,20340
1,20341
0,20342
1,20343
1,20344
1,20345
0,20346
1,20347
1,20348
1,20349
1,20350
0,20351
0,20352
1,20353
0,20354
1,20355
1,20356
1,20357
0,20358
1,20359
1,20360
0,20361
0,20362
1,20363
0,20364
1,20365
1,20366
1,20367
0,20368
0,20369
1,20370
0,20371
0,20372
1,20373
0,20374
1,20375
0,20376
1,20377
0,20378
0,20379
0,20380
0,20381
1,20382
0,20383
1,20384
1,20385
1,20386
0,20387
0,20388
1,20389
0,20390
0,20391
1,20392
1,20393
1,20394
1,20395
1,20396
1,20397
0,20398
1,20399
1,20400
1,20401
0,20402
1,20403
0,20404
0,20405
0,20406
0,20407
1,20408
1,20409
1,20410
0,20411
1,20412
0,20413
1,20414
1,20415
1,20416
1,20417
0,20418
1,20419
0,20420
1,20421
1,20422
0,20423
1,20424
1,20425
1,20426
1,20427
1,20428
0,20429
1,20430
0,20431
0,20432
1,20433
1,20434
0,20435
1,20436
1,20437
1,20438
0,20439
1,20440
0,20441
0,20442
0,20443
0,20444
0,20445
0,20446
0,20447
0,20448
1,20449
0,20450
0,20451
0,20452
0,20453
0,20454
1,20455
1,20456
1,20457
0,20458
0,20459
0,20460
0,20461
0,20462
0,20463
0,20464
1,20465
0,20466
1,20467
1,20468
1,20469
1,20470
0,20471
1,20472
0,20473
1,20474
1,20475
0,20476
0,20477
0,20478
1,20479
1,20480
0,20481
1,20482
0,20483
0,20484
1,20485
0,20486
1,20487
0,20488
1,20489
1,20490
1,20491
1,20492
0,20493
0,20494
0,20495
1,20496
1,20497
1,20498
1,20499
0,20500
0,20501
0,20502
0,20503
1,20504
1,20505
0,20506
1,20507
1,20508
0,20509
1,20510
0,20511
1,20512
1,20513
1,20514
0,20515
1,20516
0,20517
0,20518
0,20519
0,20520
1,20521
0,20522
0,20523
0,20524
0,20525
0,20526
0,20527
0,20528
0,20529
0,20530
1,20531
0,20532
0,20533
0,20534
0,20535
1,20536
0,20537
0,20538
1,20539
1,20540
0,20541
0,20542
0,20543
0,20544
0,20545
1,20546
0,20547
0,20548
1,20549
0,20550
0,20551
0,20552
0,20553
1,20554
1,20555
1,20556
0,20557
0,20558
0,20559
1,20560
1,20561
0,20562
0,20563
1,20564
0,20565
0,20566
1,20567
1,20568
0,20569
0,20570
0,20571
0,20572
0,20573
0,20574
0,20575
0,20576
1,20577
0,20578
0,20579
0,20580
1,20581
1,20582
0,20583
0,20584
1,20585
1,20586
0,20587
1,20588
1,20589
1,20590
0,20591
0,20592
0,20593
1,20594
1,20595
0,20596
1,20597
1,20598
1,20599
1,20600
0,20601
1,20602
0,20603
1,20604
1,20605
1,20606
1,20607
1,20608
0,20609
1,20610
0,20611
0,20612
0,20613
0,20614
1,20615
0,20616
0,20617
1,20618
1,20619
0,20620
1,20621
0,20622
0,20623
0,20624
1,20625
1,20626
1,20627
1,20628
0,20629
0,20630
1,20631
0,20632
0,20633
1,20634
0,20635
0,20636
1,20637
0,20638
1,20639
1,20640
0,20641
1,20642
0,20643
0,20644
0,20645
1,20646
0,20647
0,20648
1,20649
0,20650
0,20651
1,20652
0,20653
1,20654
1,20655
1,20656
0,20657
1,20658
0,20659
0,20660
1,20661
1,20662
0,20663
0,20664
0,20665
0,20666
0,20667
1,20668
0,20669
1,20670
1,20671
0,20672
0,20673
1,20674
0,20675
0,20676
0,20677
1,20678
1,20679
1,20680
1,20681
1,20682
0,20683
1,20684
1,20685
1,20686
0,20687
1,20688
0,20689
0,20690
0,20691
1,20692
0,20693
0,20694
1,20695
1,20696
0,20697
0,20698
0,20699
1,20700
1,20701
0,20702
0,20703
0,20704
0,20705
0,20706
0,20707
1,20708
1,20709
0,20710
1,20711
1,20712
0,20713
0,20714
1,20715
0,20716
1,20717
1,20718
1,20719
1,20720
0,20721
1,20722
1,20723
0,20724
1,20725
0,20726
1,20727
1,20728
1,20729
0,20730
0,20731
1,20732
0,20733
1,20734
0,20735
0,20736
0,20737
0,20738
1,20739
0,20740
1,20741
1,20742
0,20743
0,20744
0,20745
1,20746
1,20747
1,20748
0,20749
1,20750
1,20751
0,20752
1,20753
1,20754
1,20755
0,20756
0,20757
0,20758
1,20759
1,20760
0,20761
1,20762
0,20763
1,20764
1,20765
0,20766
0,20767
1,20768
1,20769
1,20770
1,20771
0,20772
0,20773
0,20774
1,20775
1,20776
0,20777
1,20778
0,20779
1,20780
0,20781
0,20782
0,20783
0,20784
1,20785
1,20786
1,20787
0,20788
1,20789
0,20790
1,20791
1,20792
1,20793
1,20794
0,20795
0,20796
0,20797
1,20798
0,20799
1,20800
1,20801
1,20802
1,20803
1,20804
0,20805
0,20806
1,20807
1,20808
1,20809
1,20810
0,20811
1,20812
0,20813
1,20814
1,20815
0,20816
1,20817
0,20818
0,20819
1,20820
1,20821
0,20822
1,20823
1,20824
1,20825
1,20826
1,20827
1,20828
0,20829
1,20830
1,20831
0,20832
0,20833
1,20834
1,20835
1,20836
1,20837
1,20838
1,20839
0,20840
0,20841
1,20842
1,20843
1,20844
0,20845
1,20846
1,20847
1,20848
1,20849
0,20850
1,20851
0,20852
0,20853
0,20854
1,20855
1,20856
1,20857
0,20858
1,20859
0,20860
1,20861
1,20862
1,20863
1,20864
0,20865
1,20866
1,20867
1,20868
0,20869
0,20870
1,20871
0,20872
1,20873
0,20874
1,20875
0,20876
0,20877
0,20878
1,20879
1,20880
0,20881
1,20882
0,20883
0,20884
1,20885
0,20886
1,20887
0,20888
1,20889
0,20890
0,20891
1,20892
1,20893
0,20894
1,20895
1,20896
1,20897
1,20898
0,20899
0,20900
0,20901
0,20902
1,20903
0,20904
0,20905
0,20906
1,20907
0,20908
1,20909
1,20910
0,20911
0,20912
0,20913
1,20914
1,20915
1,20916
0,20917
1,20918
0,20919
1,20920
0,20921
1,20922
1,20923
1,20924
0,20925
1,20926
0,20927
1,20928
0,20929
0,20930
1,20931
1,20932
1,20933
0,20934
0,20935
0,20936
0,20937
0,20938
0,20939
0,20940
1,20941
0,20942
1,20943
0,20944
1,20945
0,20946
0,20947
1,20948
0,20949
1,20950
0,20951
1,20952
0,20953
1,20954
1,20955
0,20956
0,20957
0,20958
1,20959
0,20960
0,20961
0,20962
0,20963
1,20964
1,20965
0,20966
1,20967
1,20968
0,20969
1,20970
1,20971
1,20972
0,20973
0,20974
1,20975
0,20976
1,20977
1,20978
0,20979
1,20980
1,20981
0,20982
0,20983
1,20984
1,20985
1,20986
0,20987
1,20988
0,20989
1,20990
1,20991
0,20992
0,20993
1,20994
0,20995
0,20996
0,20997
0,20998
1,20999
1,21000
0,21001
1,21002
1,21003
1,21004
0,21005
1,21006
0,21007
1,21008
0,21009
1,21010
0,21011
0,21012
1,21013
0,21014
1,21015
0,21016
1,21017
0,21018
0,21019
1,21020
1,21021
0,21022
1,21023
0,21024
1,21025
1,21026
0,21027
0,21028
0,21029
0,21030
0,21031
1,21032
1,21033
1,21034
0,21035
1,21036
0,21037
0,21038
0,21039
0,21040
0,21041
1,21042
1,21043
0,21044
0,21045
1,21046
1,21047
0,21048
1,21049
0,21050
0,21051
0,21052
1,21053
1,21054
0,21055
0,21056
1,21057
1,21058
1,21059
0,21060
0,21061
1,21062
0,21063
0,21064
1,21065
0,21066
0,21067
1,21068
1,21069
1,21070
0,21071
1,21072
1,21073
0,21074
0,21075
1,21076
1,21077
0,21078
0,21079
1,21080
0,21081
1,21082
1,21083
0,21084
1,21085
0,21086
0,21087
0,21088
0,21089
1,21090
0,21091
0,21092
1,21093
1,21094
1,21095
1,21096
0,21097
1,21098
1,21099
1,21100
0,21101
1,21102
0,21103
1,21104
0,21105
1,21106
1,21107
1,21108
1,21109
0,21110
1,21111
1,21112
0,21113
1,21114
1,21115
1,21116
1,21117
0,21118
0,21119
1,21120
1,21121
0,21122
1,21123
0,21124
1,21125
0,21126
0,21127
0,21128
1,21129
1,21130
1,21131
1,21132
1,21133
0,21134
1,21135
1,21136
1,21137
0,21138
1,21139
1,21140
1,21141
1,21142
1,21143
0,21144
1,21145
0,21146
1,21147
1,21148
0,21149
0,21150
0,21151
1,21152
0,21153
1,21154
0,21155
1,21156
0,21157
0,21158
1,21159
1,21160
0,21161
0,21162
0,21163
0,21164
1,21165
1,21166
0,21167
1,21168
0,21169
0,21170
0,21171
0,21172
1,21173
0,21174
1,21175
0,21176
0,21177
0,21178
1,21179
1,21180
0,21181
0,21182
1,21183
0,21184
0,21185
1,21186
0,21187
1,21188
1,21189
0,21190
0,21191
0,21192
0,21193
0,21194
0,21195
1,21196
0,21197
0,21198
0,21199
1,21200
0,21201
0,21202
1,21203
0,21204
0,21205
1,21206
1,21207
1,21208
0,21209
1,21210
1,21211
1,21212
0,21213
0,21214
1,21215
1,21216
0,21217
0,21218
1,21219
1,21220
0,21221
0,21222
0,21223
0,21224
0,21225
1,21226
1,21227
1,21228
0,21229
1,21230
1,21231
1,21232
1,21233
0,21234
1,21235
1,21236
0,21237
1,21238
1,21239
1,21240
1,21241
0,21242
1,21243
1,21244
1,21245
1,21246
0,21247
1,21248
0,21249
1,21250
0,21251
1,21252
1,21253
1,21254
0,21255
1,21256
0,21257
1,21258
1,21259
1,21260
1,21261
1,21262
0,21263
1,21264
0,21265
1,21266
0,21267
1,21268
0,21269
1,21270
0,21271
1,21272
1,21273
0,21274
0,21275
1,21276
1,21277
0,21278
1,21279
0,21280
1,21281
0,21282
0,21283
1,21284
0,21285
0,21286
1,21287
0,21288
0,21289
1,21290
1,21291
1,21292
0,21293
0,21294
1,21295
0,21296
1,21297
1,21298
0,21299
1,21300
0,21301
0,21302
0,21303
0,21304
0,21305
0,21306
0,21307
0,21308
1,21309
1,21310
1,21311
0,21312
1,21313
1,21314
0,21315
1,21316
0,21317
1,21318
0,21319
1,21320
1,21321
0,21322
1,21323
1,21324
1,21325
0,21326
0,21327
0,21328
0,21329
0,21330
0,21331
1,21332
0,21333
0,21334
0,21335
0,21336
1,21337
0,21338
0,21339
1,21340
0,21341
1,21342
1,21343
0,21344
0,21345
0,21346
1,21347
1,21348
1,21349
0,21350
1,21351
1,21352
1,21353
0,21354
1,21355
0,21356
0,21357
1,21358
1,21359
1,21360
0,21361
1,21362
1,21363
1,21364
1,21365
0,21366
0,21367
1,21368
0,21369
0,21370
1,21371
1,21372
0,21373
0,21374
0,21375
0,21376
1,21377
0,21378
1,21379
0,21380
1,21381
1,21382
1,21383
0,21384
0,21385
0,21386
0,21387
0,21388
1,21389
1,21390
0,21391
1,21392
1,21393
1,21394
1,21395
0,21396
1,21397
0,21398
0,21399
1,21400
1,21401
0,21402
1,21403
1,21404
0,21405
0,21406
1,21407
0,21408
0,21409
0,21410
1,21411
1,21412
1,21413
0,21414
1,21415
0,21416
0,21417
1,21418
0,21419
1,21420
0,21421
1,21422
0,21423
0,21424
0,21425
1,21426
1,21427
1,21428
1,21429
1,21430
0,21431
0,21432
0,21433
1,21434
1,21435
0,21436
1,21437
0,21438
0,21439
1,21440
0,21441
0,21442
1,21443
1,21444
0,21445
0,21446
1,21447
1,21448
1,21449
1,21450
0,21451
0,21452
1,21453
1,21454
1,21455
0,21456
0,21457
1,21458
1,21459
1,21460
0,21461
1,21462
1,21463
0,21464
0,21465
1,21466
0,21467
0,21468
1,21469
0,21470
1,21471
0,21472
0,21473
0,21474
1,21475
0,21476
1,21477
1,21478
1,21479
1,21480
0,21481
1,21482
0,21483
1,21484
0,21485
1,21486
0,21487
1,21488
1,21489
1,21490
0,21491
1,21492
1,21493
1,21494
1,21495
0,21496
1,21497
0,21498
1,21499
0,21500
1,21501
1,21502
0,21503
1,21504
1,21505
1,21506
0,21507
0,21508
1,21509
0,21510
0,21511
0,21512
1,21513
0,21514
1,21515
0,21516
1,21517
0,21518
1,21519
1,21520
0,21521
0,21522
0,21523
0,21524
1,21525
1,21526
1,21527
1,21528
0,21529
1,21530
1,21531
0,21532
0,21533
0,21534
0,21535
0,21536
0,21537
0,21538
1,21539
1,21540
1,21541
1,21542
1,21543
1,21544
0,21545
1,21546
1,21547
0,21548
0,21549
0,21550
0,21551
1,21552
1,21553
1,21554
0,21555
1,21556
1,21557
1,21558
1,21559
0,21560
1,21561
0,21562
0,21563
1,21564
0,21565
0,21566
0,21567
0,21568
1,21569
0,21570
1,21571
0,21572
0,21573
1,21574
0,21575
1,21576
0,21577
0,21578
0,21579
0,21580
1,21581
1,21582
1,21583
0,21584
1,21585
1,21586
0,21587
0,21588
1,21589
1,21590
1,21591
1,21592
1,21593
1,21594
1,21595
0,21596
0,21597
0,21598
0,21599
0,21600
1,21601
0,21602
0,21603
1,21604
0,21605
0,21606
0,21607
1,21608
0,21609
0,21610
0,21611
1,21612
1,21613
1,21614
0,21615
1,21616
1,21617
1,21618
1,21619
1,21620
0,21621
0,21622
1,21623
0,21624
0,21625
0,21626
0,21627
0,21628
1,21629
0,21630
1,21631
0,21632
1,21633
1,21634
1,21635
1,21636
0,21637
0,21638
1,21639
0,21640
1,21641
0,21642
1,21643
0,21644
0,21645
1,21646
1,21647
0,21648
1,21649
1,21650
0,21651
0,21652
0,21653
1,21654
0,21655
1,21656
0,21657
0,21658
0,21659
0,21660
0,21661
1,21662
0,21663
1,21664
1,21665
0,21666
0,21667
1,21668
0,21669
1,21670
1,21671
0,21672
1,21673
1,21674
0,21675
0,21676
0,21677
0,21678
1,21679
0,21680
1,21681
1,21682
0,21683
1,21684
1,21685
1,21686
0,21687
1,21688
1,21689
1,21690
1,21691
1,21692
1,21693
1,21694
1,21695
1,21696
1,21697
1,21698
0,21699
0,21700
1,21701
1,21702
0,21703
0,21704
1,21705
1,21706
0,21707
0,21708
0,21709
0,21710
1,21711
0,21712
0,21713
0,21714
0,21715
1,21716
1,21717
1,21718
1,21719
1,21720
0,21721
0,21722
0,21723
0,21724
1,21725
0,21726
1,21727
0,21728
0,21729
1,21730
1,21731
0,21732
1,21733
1,21734
1,21735
0,21736
1,21737
0,21738
0,21739
1,21740
0,21741
1,21742
0,21743
1,21744
1,21745
0,21746
1,21747
1,21748
1,21749
1,21750
1,21751
1,21752
1,21753
0,21754
0,21755
0,21756
1,21757
0,21758
1,21759
1,21760
0,21761
0,21762
0,21763
1,21764
1,21765
0,21766
1,21767
1,21768
0,21769
0,21770
1,21771
0,21772
0,21773
1,21774
1,21775
0,21776
1,21777
0,21778
1,21779
1,21780
1,21781
0,21782
1,21783
0,21784
0,21785
1,21786
0,21787
1,21788
1,21789
1,21790
0,21791
1,21792
1,21793
1,21794
0,21795
0,21796
0,21797
0,21798
1,21799
1,21800
1,21801
1,21802
1,21803
1,21804
1,21805
1,21806
0,21807
0,21808
1,21809
0,21810
1,21811
0,21812
0,21813
0,21814
1,21815
1,21816
1,21817
0,21818
0,21819
1,21820
1,21821
1,21822
1,21823
0,21824
0,21825
1,21826
0,21827
0,21828
1,21829
1,21830
0,21831
0,21832
1,21833
1,21834
0,21835
0,21836
0,21837
1,21838
1,21839
1,21840
1,21841
0,21842
0,21843
0,21844
1,21845
0,21846
0,21847
1,21848
0,21849
1,21850
0,21851
1,21852
1,21853
1,21854
0,21855
1,21856
0,21857
1,21858
0,21859
0,21860
0,21861
0,21862
0,21863
0,21864
0,21865
0,21866
1,21867
1,21868
1,21869
1,21870
1,21871
0,21872
0,21873
0,21874
0,21875
1,21876
1,21877
0,21878
0,21879
0,21880
1,21881
0,21882
0,21883
0,21884
1,21885
0,21886
1,21887
0,21888
1,21889
0,21890
0,21891
1,21892
0,21893
1,21894
1,21895
1,21896
1,21897
0,21898
0,21899
1,21900
1,21901
1,21902
0,21903
0,21904
0,21905
1,21906
0,21907
0,21908
1,21909
0,21910
0,21911
0,21912
1,21913
1,21914
0,21915
1,21916
0,21917
0,21918
0,21919
0,21920
1,21921
0,21922
0,21923
1,21924
1,21925
0,21926
1,21927
0,21928
1,21929
0,21930
0,21931
0,21932
1,21933
1,21934
0,21935
1,21936
1,21937
0,21938
1,21939
0,21940
1,21941
0,21942
1,21943
0,21944
0,21945
1,21946
1,21947
0,21948
0,21949
0,21950
0,21951
0,21952
1,21953
0,21954
1,21955
0,21956
0,21957
1,21958
1,21959
1,21960
1,21961
1,21962
0,21963
0,21964
1,21965
0,21966
1,21967
1,21968
0,21969
1,21970
1,21971
1,21972
0,21973
0,21974
0,21975
1,21976
0,21977
0,21978
1,21979
0,21980
0,21981
0,21982
1,21983
1,21984
0,21985
1,21986
1,21987
1,21988
0,21989
1,21990
1,21991
1,21992
1,21993
0,21994
0,21995
0,21996
0,21997
0,21998
1,21999
0,22000
0,22001
1,22002
1,22003
0,22004
0,22005
1,22006
0,22007
0,22008
1,22009
1,22010
1,22011
1,22012
0,22013
0,22014
1,22015
1,22016
1,22017
1,22018
1,22019
0,22020
1,22021
0,22022
0,22023
0,22024
0,22025
1,22026
1,22027
0,22028
1,22029
0,22030
1,22031
1,22032
0,22033
0,22034
1,22035
0,22036
0,22037
0,22038
1,22039
1,22040
0,22041
0,22042
1,22043
0,22044
0,22045
1,22046
1,22047
0,22048
0,22049
1,22050
1,22051
1,22052
0,22053
1,22054
1,22055
1,22056
1,22057
0,22058
1,22059
0,22060
0,22061
1,22062
1,22063
1,22064
1,22065
0,22066
0,22067
1,22068
1,22069
0,22070
0,22071
1,22072
1,22073
1,22074
1,22075
1,22076
0,22077
0,22078
1,22079
1,22080
0,22081
1,22082
0,22083
0,22084
0,22085
0,22086
1,22087
1,22088
0,22089
0,22090
0,22091
0,22092
1,22093
1,22094
0,22095
0,22096
1,22097
1,22098
0,22099
0,22100
1,22101
1,22102
0,22103
0,22104
0,22105
1,22106
1,22107
1,22108
0,22109
1,22110
1,22111
0,22112
1,22113
1,22114
0,22115
0,22116
1,22117
1,22118
1,22119
0,22120
0,22121
1,22122
1,22123
1,22124
1,22125
1,22126
1,22127
0,22128
1,22129
1,22130
1,22131
1,22132
0,22133
0,22134
1,22135
0,22136
1,22137
0,22138
1,22139
1,22140
1,22141
0,22142
1,22143
1,22144
1,22145
1,22146
1,22147
0,22148
1,22149
1,22150
0,22151
1,22152
1,22153
1,22154
1,22155
1,22156
0,22157
1,22158
0,22159
0,22160
0,22161
1,22162
1,22163
1,22164
1,22165
0,22166
1,22167
0,22168
1,22169
0,22170
1,22171
0,22172
1,22173
0,22174
1,22175
1,22176
1,22177
0,22178
0,22179
0,22180
0,22181
0,22182
0,22183
1,22184
1,22185
1,22186
1,22187
0,22188
1,22189
1,22190
1,22191
1,22192
0,22193
0,22194
0,22195
1,22196
1,22197
1,22198
0,22199
1,22200
0,22201
0,22202
0,22203
1,22204
1,22205
1,22206
1,22207
0,22208
1,22209
1,22210
0,22211
1,22212
0,22213
1,22214
1,22215
0,22216
1,22217
0,22218
1,22219
1,22220
0,22221
1,22222
1,22223
0,22224
0,22225
1,22226
0,22227
1,22228
1,22229
1,22230
0,22231
0,22232
0,22233
1,22234
1,22235
1,22236
1,22237
1,22238
0,22239
1,22240
0,22241
1,22242
0,22243
1,22244
1,22245
1,22246
1,22247
1,22248
1,22249
1,22250
0,22251
1,22252
0,22253
0,22254
1,22255
0,22256
1,22257
0,22258
0,22259
1,22260
1,22261
1,22262
0,22263
1,22264
1,22265
0,22266
1,22267
1,22268
0,22269
1,22270
0,22271
1,22272
0,22273
0,22274
1,22275
1,22276
0,22277
0,22278
1,22279
0,22280
0,22281
0,22282
0,22283
0,22284
1,22285
1,22286
0,22287
1,22288
1,22289
1,22290
1,22291
1,22292
1,22293
0,22294
1,22295
1,22296
1,22297
1,22298
1,22299
0,22300
0,22301
1,22302
1,22303
1,22304
1,22305
0,22306
1,22307
1,22308
0,22309
0,22310
1,22311
0,22312
0,22313
1,22314
1,22315
0,22316
1,22317
0,22318
1,22319
1,22320
1,22321
0,22322
0,22323
1,22324
0,22325
1,22326
1,22327
0,22328
0,22329
1,22330
0,22331
0,22332
0,22333
1,22334
1,22335
1,22336
1,22337
1,22338
1,22339
0,22340
0,22341
1,22342
1,22343
0,22344
0,22345
1,22346
1,22347
1,22348
1,22349
0,22350
0,22351
0,22352
1,22353
0,22354
1,22355
1,22356
1,22357
1,22358
1,22359
1,22360
0,22361
1,22362
1,22363
1,22364
0,22365
1,22366
1,22367
0,22368
0,22369
0,22370
1,22371
1,22372
0,22373
1,22374
1,22375
1,22376
0,22377
1,22378
0,22379
1,22380
1,22381
0,22382
1,22383
1,22384
1,22385
1,22386
1,22387
1,22388
1,22389
1,22390
1,22391
0,22392
1,22393
0,22394
1,22395
0,22396
0,22397
0,22398
0,22399
0,22400
0,22401
0,22402
1,22403
0,22404
0,22405
0,22406
0,22407
0,22408
0,22409
1,22410
1,22411
1,22412
1,22413
1,22414
0,22415
1,22416
0,22417
0,22418
0,22419
0,22420
0,22421
0,22422
0,22423
0,22424
1,22425
1,22426
1,22427
1,22428
0,22429
1,22430
0,22431
1,22432
1,22433
0,22434
0,22435
1,22436
0,22437
0,22438
1,22439
1,22440
1,22441
1,22442
1,22443
0,22444
1,22445
1,22446
0,22447
1,22448
1,22449
0,22450
0,22451
1,22452
0,22453
1,22454
1,22455
1,22456
0,22457
1,22458
0,22459
1,22460
1,22461
0,22462
1,22463
0,22464
1,22465
0,22466
0,22467
1,22468
1,22469
0,22470
1,22471
1,22472
0,22473
0,22474
0,22475
1,22476
1,22477
0,22478
1,22479
0,22480
0,22481
1,22482
0,22483
0,22484
1,22485
0,22486
0,22487
1,22488
0,22489
1,22490
1,22491
0,22492
0,22493
1,22494
1,22495
0,22496
0,22497
0,22498
0,22499
0,22500
1,22501
1,22502
1,22503
1,22504
1,22505
1,22506
1,22507
1,22508
1,22509
0,22510
1,22511
1,22512
0,22513
1,22514
1,22515
0,22516
0,22517
1,22518
0,22519
0,22520
0,22521
1,22522
1,22523
0,22524
0,22525
0,22526
1,22527
0,22528
1,22529
0,22530
1,22531
1,22532
1,22533
0,22534
1,22535
1,22536
1,22537
1,22538
1,22539
1,22540
1,22541
1,22542
1,22543
0,22544
0,22545
1,22546
0,22547
1,22548
0,22549
1,22550
1,22551
1,22552
1,22553
0,22554
0,22555
0,22556
0,22557
1,22558
1,22559
0,22560
1,22561
1,22562
1,22563
1,22564
0,22565
0,22566
1,22567
0,22568
1,22569
0,22570
0,22571
0,22572
1,22573
0,22574
0,22575
1,22576
0,22577
0,22578
1,22579
1,22580
1,22581
0,22582
0,22583
0,22584
0,22585
0,22586
0,22587
1,22588
1,22589
1,22590
0,22591
1,22592
1,22593
0,22594
1,22595
1,22596
1,22597
1,22598
0,22599
0,22600
0,22601
0,22602
1,22603
0,22604
0,22605
0,22606
0,22607
0,22608
0,22609
1,22610
0,22611
1,22612
1,22613
0,22614
0,22615
1,22616
1,22617
1,22618
0,22619
1,22620
1,22621
0,22622
0,22623
1,22624
1,22625
1,22626
1,22627
1,22628
1,22629
0,22630
1,22631
0,22632
1,22633
0,22634
1,22635
0,22636
1,22637
0,22638
0,22639
0,22640
1,22641
0,22642
1,22643
0,22644
1,22645
1,22646
1,22647
1,22648
0,22649
1,22650
1,22651
1,22652
1,22653
1,22654
0,22655
0,22656
1,22657
1,22658
0,22659
1,22660
1,22661
0,22662
1,22663
0,22664
1,22665
1,22666
0,22667
1,22668
0,22669
0,22670
0,22671
0,22672
0,22673
1,22674
0,22675
0,22676
1,22677
1,22678
1,22679
1,22680
1,22681
1,22682
1,22683
0,22684
1,22685
0,22686
0,22687
1,22688
0,22689
1,22690
1,22691
1,22692
1,22693
0,22694
1,22695
0,22696
1,22697
0,22698
1,22699
1,22700
1,22701
0,22702
0,22703
0,22704
1,22705
1,22706
0,22707
0,22708
0,22709
0,22710
0,22711
1,22712
0,22713
1,22714
1,22715
0,22716
1,22717
0,22718
1,22719
0,22720
0,22721
0,22722
0,22723
1,22724
1,22725
0,22726
0,22727
1,22728
1,22729
1,22730
1,22731
0,22732
1,22733
0,22734
1,22735
1,22736
1,22737
0,22738
0,22739
1,22740
0,22741
1,22742
0,22743
0,22744
1,22745
1,22746
1,22747
0,22748
1,22749
0,22750
1,22751
0,22752
0,22753
0,22754
0,22755
1,22756
1,22757
1,22758
1,22759
1,22760
0,22761
1,22762
0,22763
1,22764
0,22765
0,22766
1,22767
1,22768
0,22769
1,22770
0,22771
0,22772
0,22773
1,22774
1,22775
0,22776
1,22777
0,22778
1,22779
0,22780
1,22781
1,22782
0,22783
0,22784
1,22785
0,22786
0,22787
1,22788
1,22789
0,22790
0,22791
1,22792
1,22793
0,22794
0,22795
1,22796
1,22797
1,22798
0,22799
1,22800
0,22801
0,22802
1,22803
0,22804
1,22805
1,22806
1,22807
1,22808
1,22809
1,22810
0,22811
0,22812
0,22813
1,22814
1,22815
0,22816
0,22817
1,22818
1,22819
1,22820
1,22821
1,22822
1,22823
1,22824
0,22825
1,22826
1,22827
0,22828
0,22829
1,22830
1,22831
1,22832
1,22833
0,22834
1,22835
1,22836
1,22837
1,22838
0,22839
1,22840
0,22841
1,22842
1,22843
0,22844
1,22845
1,22846
0,22847
0,22848
0,22849
1,22850
0,22851
0,22852
0,22853
1,22854
1,22855
0,22856
1,22857
0,22858
1,22859
1,22860
1,22861
0,22862
1,22863
0,22864
0,22865
1,22866
0,22867
1,22868
0,22869
0,22870
1,22871
0,22872
0,22873
0,22874
0,22875
1,22876
0,22877
0,22878
0,22879
0,22880
0,22881
0,22882
0,22883
0,22884
0,22885
1,22886
1,22887
1,22888
1,22889
0,22890
0,22891
1,22892
1,22893
1,22894
0,22895
0,22896
1,22897
1,22898
0,22899
0,22900
0,22901
1,22902
1,22903
1,22904
1,22905
1,22906
0,22907
1,22908
0,22909
0,22910
0,22911
0,22912
0,22913
1,22914
1,22915
0,22916
1,22917
0,22918
0,22919
0,22920
0,22921
0,22922
1,22923
1,22924
0,22925
0,22926
0,22927
1,22928
1,22929
1,22930
1,22931
1,22932
1,22933
1,22934
0,22935
0,22936
0,22937
0,22938
0,22939
0,22940
1,22941
1,22942
1,22943
0,22944
1,22945
0,22946
0,22947
0,22948
1,22949
0,22950
1,22951
0,22952
1,22953
0,22954
1,22955
1,22956
1,22957
1,22958
0,22959
0,22960
1,22961
1,22962
1,22963
0,22964
1,22965
1,22966
0,22967
1,22968
0,22969
1,22970
1,22971
0,22972
0,22973
0,22974
0,22975
0,22976
1,22977
1,22978
1,22979
1,22980
0,22981
1,22982
0,22983
0,22984
0,22985
0,22986
1,22987
1,22988
1,22989
1,22990
1,22991
0,22992
1,22993
0,22994
1,22995
1,22996
1,22997
1,22998
1,22999
0,23000
1,23001
1,23002
0,23003
0,23004
1,23005
0,23006
1,23007
1,23008
0,23009
0,23010
0,23011
0,23012
0,23013
0,23014
1,23015
1,23016
0,23017
1,23018
1,23019
1,23020
0,23021
1,23022
1,23023
1,23024
1,23025
1,23026
0,23027
1,23028
1,23029
1,23030
0,23031
1,23032
1,23033
1,23034
0,23035
1,23036
1,23037
1,23038
0,23039
0,23040
1,23041
1,23042
0,23043
1,23044
0,23045
1,23046
0,23047
1,23048
1,23049
0,23050
1,23051
1,23052
0,23053
1,23054
0,23055
1,23056
0,23057
1,23058
1,23059
1,23060
1,23061
1,23062
1,23063
1,23064
0,23065
1,23066
1,23067
1,23068
0,23069
0,23070
1,23071
1,23072
0,23073
0,23074
0,23075
1,23076
1,23077
1,23078
1,23079
0,23080
1,23081
0,23082
1,23083
1,23084
1,23085
0,23086
0,23087
0,23088
1,23089
1,23090
0,23091
1,23092
1,23093
0,23094
0,23095
1,23096
1,23097
1,23098
1,23099
0,23100
0,23101
0,23102
1,23103
0,23104
1,23105
0,23106
1,23107
1,23108
1,23109
1,23110
0,23111
1,23112
1,23113
0,23114
0,23115
0,23116
0,23117
1,23118
0,23119
0,23120
0,23121
0,23122
1,23123
1,23124
0,23125
0,23126
0,23127
0,23128
1,23129
0,23130
0,23131
1,23132
0,23133
1,23134
0,23135
0,23136
0,23137
0,23138
1,23139
1,23140
1,23141
1,23142
0,23143
1,23144
1,23145
1,23146
0,23147
0,23148
0,23149
1,23150
1,23151
0,23152
0,23153
0,23154
0,23155
0,23156
0,23157
1,23158
0,23159
1,23160
0,23161
1,23162
0,23163
0,23164
1,23165
0,23166
0,23167
0,23168
0,23169
1,23170
0,23171
0,23172
0,23173
0,23174
1,23175
1,23176
1,23177
1,23178
1,23179
1,23180
0,23181
0,23182
1,23183
0,23184
0,23185
0,23186
0,23187
1,23188
1,23189
0,23190
0,23191
0,23192
0,23193
1,23194
1,23195
0,23196
1,23197
0,23198
1,23199
0,23200
0,23201
1,23202
0,23203
1,23204
0,23205
1,23206
1,23207
0,23208
0,23209
1,23210
1,23211
0,23212
1,23213
1,23214
1,23215
0,23216
0,23217
0,23218
1,23219
1,23220
0,23221
1,23222
0,23223
0,23224
1,23225
1,23226
0,23227
0,23228
0,23229
1,23230
0,23231
1,23232
1,23233
1,23234
1,23235
1,23236
1,23237
1,23238
1,23239
0,23240
0,23241
1,23242
0,23243
1,23244
0,23245
0,23246
1,23247
1,23248
1,23249
1,23250
1,23251
0,23252
1,23253
0,23254
1,23255
1,23256
0,23257
0,23258
1,23259
1,23260
1,23261
1,23262
1,23263
0,23264
1,23265
1,23266
0,23267
0,23268
0,23269
1,23270
0,23271
0,23272
1,23273
0,23274
1,23275
1,23276
0,23277
0,23278
0,23279
1,23280
0,23281
1,23282
1,23283
1,23284
1,23285
1,23286
0,23287
0,23288
1,23289
0,23290
0,23291
0,23292
1,23293
0,23294
0,23295
0,23296
0,23297
0,23298
1,23299
0,23300
0,23301
1,23302
0,23303
1,23304
0,23305
0,23306
1,23307
1,23308
0,23309
0,23310
1,23311
0,23312
1,23313
1,23314
1,23315
0,23316
0,23317
1,23318
0,23319
1,23320
0,23321
0,23322
0,23323
1,23324
1,23325
1,23326
0,23327
0,23328
0,23329
0,23330
0,23331
0,23332
1,23333
1,23334
1,23335
0,23336
1,23337
1,23338
0,23339
0,23340
0,23341
1,23342
1,23343
0,23344
0,23345
1,23346
0,23347
0,23348
0,23349
0,23350
0,23351
0,23352
1,23353
0,23354
1,23355
0,23356
0,23357
1,23358
1,23359
0,23360
0,23361
0,23362
0,23363
1,23364
0,23365
1,23366
1,23367
0,23368
0,23369
0,23370
1,23371
0,23372
1,23373
0,23374
0,23375
0,23376
1,23377
1,23378
1,23379
1,23380
1,23381
1,23382
1,23383
0,23384
0,23385
1,23386
0,23387
1,23388
1,23389
0,23390
1,23391
0,23392
0,23393
1,23394
0,23395
1,23396
0,23397
0,23398
1,23399
1,23400
1,23401
1,23402
1,23403
0,23404
1,23405
0,23406
0,23407
0,23408
1,23409
1,23410
1,23411
1,23412
1,23413
1,23414
1,23415
0,23416
0,23417
0,23418
0,23419
1,23420
0,23421
1,23422
0,23423
0,23424
0,23425
1,23426
0,23427
1,23428
0,23429
0,23430
1,23431
0,23432
1,23433
1,23434
1,23435
1,23436
0,23437
0,23438
1,23439
1,23440
1,23441
1,23442
1,23443
0,23444
0,23445
0,23446
0,23447
0,23448
0,23449
0,23450
1,23451
0,23452
0,23453
0,23454
0,23455
0,23456
1,23457
1,23458
0,23459
0,23460
1,23461
1,23462
1,23463
1,23464
1,23465
0,23466
0,23467
0,23468
0,23469
1,23470
1,23471
0,23472
1,23473
0,23474
1,23475
1,23476
1,23477
1,23478
0,23479
0,23480
1,23481
0,23482
0,23483
1,23484
1,23485
0,23486
0,23487
1,23488
1,23489
1,23490
1,23491
1,23492
1,23493
1,23494
0,23495
0,23496
1,23497
1,23498
1,23499
0,23500
1,23501
0,23502
0,23503
1,23504
0,23505
0,23506
1,23507
0,23508
0,23509
0,23510
1,23511
0,23512
0,23513
0,23514
1,23515
1,23516
1,23517
1,23518
0,23519
0,23520
1,23521
1,23522
1,23523
0,23524
1,23525
1,23526
0,23527
1,23528
1,23529
0,23530
1,23531
1,23532
1,23533
1,23534
1,23535
0,23536
1,23537
1,23538
0,23539
1,23540
0,23541
1,23542
1,23543
1,23544
0,23545
0,23546
1,23547
0,23548
0,23549
0,23550
0,23551
1,23552
0,23553
1,23554
1,23555
0,23556
0,23557
0,23558
1,23559
1,23560
0,23561
0,23562
0,23563
1,23564
0,23565
1,23566
0,23567
0,23568
1,23569
1,23570
0,23571
1,23572
0,23573
0,23574
0,23575
0,23576
0,23577
1,23578
0,23579
0,23580
0,23581
0,23582
1,23583
1,23584
1,23585
0,23586
0,23587
0,23588
1,23589
1,23590
1,23591
1,23592
1,23593
0,23594
1,23595
0,23596
1,23597
0,23598
0,23599
0,23600
0,23601
0,23602
1,23603
1,23604
1,23605
1,23606
1,23607
0,23608
1,23609
0,23610
0,23611
0,23612
1,23613
1,23614
0,23615
0,23616
1,23617
1,23618
1,23619
0,23620
0,23621
0,23622
0,23623
0,23624
1,23625
1,23626
0,23627
1,23628
0,23629
1,23630
1,23631
1,23632
1,23633
1,23634
1,23635
0,23636
1,23637
1,23638
0,23639
1,23640
1,23641
1,23642
1,23643
0,23644
1,23645
0,23646
0,23647
0,23648
1,23649
0,23650
0,23651
1,23652
0,23653
1,23654
1,23655
0,23656
0,23657
0,23658
1,23659
0,23660
0,23661
0,23662
0,23663
1,23664
1,23665
1,23666
0,23667
1,23668
0,23669
1,23670
0,23671
0,23672
1,23673
0,23674
0,23675
1,23676
1,23677
0,23678
0,23679
0,23680
1,23681
1,23682
1,23683
1,23684
1,23685
1,23686
1,23687
1,23688
1,23689
1,23690
0,23691
1,23692
1,23693
1,23694
1,23695
1,23696
0,23697
1,23698
1,23699
1,23700
0,23701
1,23702
1,23703
0,23704
1,23705
1,23706
0,23707
0,23708
0,23709
1,23710
1,23711
1,23712
0,23713
1,23714
1,23715
1,23716
0,23717
0,23718
1,23719
1,23720
1,23721
1,23722
1,23723
1,23724
1,23725
0,23726
0,23727
0,23728
1,23729
1,23730
1,23731
0,23732
1,23733
1,23734
0,23735
1,23736
0,23737
1,23738
1,23739
0,23740
1,23741
0,23742
0,23743
1,23744
1,23745
1,23746
1,23747
0,23748
1,23749
1,23750
1,23751
1,23752
1,23753
1,23754
0,23755
0,23756
0,23757
0,23758
0,23759
0,23760
1,23761
0,23762
0,23763
1,23764
0,23765
1,23766
0,23767
0,23768
1,23769
0,23770
0,23771
0,23772
1,23773
1,23774
0,23775
1,23776
1,23777
0,23778
1,23779
1,23780
1,23781
1,23782
0,23783
1,23784
0,23785
0,23786
0,23787
1,23788
1,23789
1,23790
1,23791
0,23792
0,23793
1,23794
0,23795
1,23796
1,23797
1,23798
0,23799
1,23800
1,23801
0,23802
1,23803
1,23804
0,23805
1,23806
1,23807
1,23808
0,23809
1,23810
1,23811
1,23812
0,23813
0,23814
1,23815
1,23816
0,23817
0,23818
0,23819
1,23820
1,23821
0,23822
1,23823
0,23824
1,23825
0,23826
0,23827
1,23828
0,23829
0,23830
1,23831
1,23832
1,23833
0,23834
1,23835
0,23836
1,23837
1,23838
0,23839
1,23840
0,23841
1,23842
0,23843
1,23844
1,23845
1,23846
0,23847
0,23848
1,23849
0,23850
1,23851
0,23852
0,23853
0,23854
1,23855
1,23856
1,23857
1,23858
1,23859
0,23860
1,23861
1,23862
1,23863
1,23864
0,23865
0,23866
0,23867
0,23868
0,23869
1,23870
1,23871
0,23872
1,23873
1,23874
0,23875
1,23876
0,23877
0,23878
0,23879
0,23880
0,23881
0,23882
1,23883
0,23884
1,23885
0,23886
0,23887
1,23888
1,23889
1,23890
0,23891
0,23892
1,23893
0,23894
1,23895
0,23896
1,23897
1,23898
1,23899
1,23900
1,23901
1,23902
1,23903
1,23904
0,23905
0,23906
1,23907
1,23908
0,23909
1,23910
1,23911
1,23912
1,23913
0,23914
1,23915
1,23916
1,23917
0,23918
1,23919
1,23920
0,23921
1,23922
1,23923
0,23924
1,23925
0,23926
1,23927
0,23928
0,23929
0,23930
0,23931
1,23932
0,23933
1,23934
0,23935
1,23936
0,23937
1,23938
1,23939
1,23940
0,23941
1,23942
1,23943
0,23944
1,23945
0,23946
0,23947
0,23948
1,23949
1,23950
1,23951
0,23952
0,23953
1,23954
0,23955
0,23956
0,23957
1,23958
0,23959
0,23960
1,23961
0,23962
1,23963
1,23964
0,23965
1,23966
0,23967
1,23968
1,23969
0,23970
1,23971
0,23972
1,23973
1,23974
1,23975
0,23976
1,23977
0,23978
0,23979
1,23980
1,23981
0,23982
0,23983
0,23984
0,23985
0,23986
0,23987
0,23988
1,23989
0,23990
0,23991
1,23992
1,23993
0,23994
0,23995
0,23996
1,23997
0,23998
0,23999
0,24000
0,24001
0,24002
0,24003
0,24004
1,24005
0,24006
1,24007
1,24008
1,24009
0,24010
0,24011
0,24012
1,24013
1,24014
0,24015
1,24016
1,24017
1,24018
0,24019
1,24020
1,24021
0,24022
1,24023
1,24024
0,24025
1,24026
0,24027
1,24028
1,24029
0,24030
0,24031
0,24032
1,24033
0,24034
1,24035
1,24036
1,24037
0,24038
0,24039
0,24040
0,24041
1,24042
0,24043
0,24044
1,24045
0,24046
1,24047
0,24048
1,24049
0,24050
1,24051
1,24052
0,24053
1,24054
0,24055
1,24056
0,24057
1,24058
0,24059
0,24060
1,24061
1,24062
0,24063
0,24064
0,24065
1,24066
1,24067
1,24068
0,24069
0,24070
1,24071
1,24072
1,24073
1,24074
1,24075
0,24076
1,24077
1,24078
1,24079
0,24080
1,24081
0,24082
0,24083
0,24084
1,24085
1,24086
0,24087
1,24088
1,24089
0,24090
1,24091
1,24092
0,24093
0,24094
1,24095
0,24096
0,24097
0,24098
0,24099
0,24100
0,24101
0,24102
1,24103
1,24104
0,24105
1,24106
0,24107
1,24108
1,24109
1,24110
0,24111
1,24112
1,24113
0,24114
1,24115
1,24116
1,24117
0,24118
0,24119
1,24120
1,24121
0,24122
1,24123
0,24124
1,24125
0,24126
1,24127
1,24128
1,24129
0,24130
1,24131
0,24132
1,24133
1,24134
1,24135
1,24136
1,24137
1,24138
1,24139
0,24140
0,24141
1,24142
0,24143
0,24144
1,24145
1,24146
1,24147
1,24148
1,24149
1,24150
1,24151
1,24152
0,24153
0,24154
0,24155
0,24156
0,24157
1,24158
1,24159
1,24160
0,24161
0,24162
0,24163
0,24164
0,24165
0,24166
1,24167
0,24168
0,24169
1,24170
1,24171
1,24172
0,24173
0,24174
0,24175
1,24176
0,24177
0,24178
1,24179
0,24180
0,24181
1,24182
1,24183
0,24184
1,24185
0,24186
1,24187
0,24188
0,24189
0,24190
0,24191
1,24192
1,24193
1,24194
0,24195
0,24196
1,24197
1,24198
1,24199
1,24200
0,24201
1,24202
1,24203
0,24204
1,24205
0,24206
0,24207
0,24208
1,24209
0,24210
1,24211
1,24212
0,24213
1,24214
1,24215
0,24216
1,24217
1,24218
0,24219
0,24220
0,24221
1,24222
0,24223
1,24224
0,24225
0,24226
0,24227
0,24228
1,24229
0,24230
0,24231
0,24232
1,24233
1,24234
0,24235
1,24236
0,24237
1,24238
0,24239
0,24240
0,24241
0,24242
1,24243
1,24244
0,24245
1,24246
1,24247
0,24248
1,24249
1,24250
0,24251
0,24252
0,24253
0,24254
0,24255
1,24256
0,24257
1,24258
0,24259
1,24260
0,24261
0,24262
0,24263
0,24264
0,24265
0,24266
0,24267
1,24268
1,24269
0,24270
0,24271
0,24272
1,24273
0,24274
0,24275
1,24276
0,24277
0,24278
1,24279
0,24280
1,24281
1,24282
0,24283
0,24284
1,24285
1,24286
1,24287
1,24288
0,24289
0,24290
1,24291
0,24292
0,24293
0,24294
0,24295
1,24296
1,24297
1,24298
0,24299
0,24300
0,24301
1,24302
0,24303
1,24304
1,24305
1,24306
1,24307
1,24308
1,24309
1,24310
1,24311
0,24312
1,24313
1,24314
0,24315
0,24316
1,24317
1,24318
1,24319
1,24320
1,24321
0,24322
0,24323
0,24324
1,24325
1,24326
0,24327
1,24328
1,24329
0,24330
1,24331
1,24332
1,24333
1,24334
0,24335
1,24336
1,24337
0,24338
1,24339
0,24340
0,24341
1,24342
0,24343
1,24344
0,24345
0,24346
0,24347
1,24348
1,24349
0,24350
1,24351
1,24352
0,24353
1,24354
1,24355
0,24356
0,24357
1,24358
0,24359
1,24360
1,24361
1,24362
1,24363
1,24364
1,24365
0,24366
1,24367
0,24368
1,24369
0,24370
0,24371
0,24372
1,24373
0,24374
0,24375
1,24376
1,24377
1,24378
0,24379
1,24380
0,24381
0,24382
0,24383
0,24384
1,24385
1,24386
0,24387
1,24388
1,24389
0,24390
1,24391
1,24392
0,24393
0,24394
1,24395
0,24396
0,24397
1,24398
0,24399
0,24400
0,24401
1,24402
1,24403
0,24404
0,24405
0,24406
0,24407
1,24408
1,24409
0,24410
0,24411
0,24412
0,24413
0,24414
1,24415
1,24416
1,24417
0,24418
0,24419
1,24420
1,24421
0,24422
0,24423
1,24424
0,24425
1,24426
0,24427
0,24428
1,24429
1,24430
0,24431
1,24432
0,24433
1,24434
0,24435
1,24436
0,24437
1,24438
0,24439
1,24440
1,24441
0,24442
0,24443
1,24444
1,24445
0,24446
0,24447
1,24448
1,24449
1,24450
0,24451
0,24452
0,24453
0,24454
1,24455
0,24456
1,24457
1,24458
1,24459
0,24460
0,24461
1,24462
1,24463
0,24464
1,24465
1,24466
0,24467
1,24468
0,24469
1,24470
1,24471
1,24472
0,24473
1,24474
0,24475
0,24476
0,24477
0,24478
1,24479
0,24480
0,24481
1,24482
1,24483
0,24484
0,24485
1,24486
1,24487
0,24488
0,24489
0,24490
0,24491
0,24492
0,24493
0,24494
0,24495
1,24496
1,24497
0,24498
0,24499
0,24500
1,24501
0,24502
1,24503
0,24504
1,24505
0,24506
1,24507
0,24508
0,24509
0,24510
0,24511
0,24512
1,24513
1,24514
0,24515
0,24516
1,24517
0,24518
1,24519
1,24520
1,24521
1,24522
0,24523
0,24524
0,24525
0,24526
1,24527
0,24528
0,24529
1,24530
1,24531
1,24532
0,24533
1,24534
0,24535
1,24536
1,24537
0,24538
0,24539
0,24540
0,24541
0,24542
1,24543
0,24544
1,24545
1,24546
1,24547
1,24548
1,24549
0,24550
1,24551
0,24552
1,24553
1,24554
0,24555
0,24556
0,24557
0,24558
0,24559
1,24560
1,24561
1,24562
1,24563
0,24564
1,24565
1,24566
0,24567
0,24568
1,24569
0,24570
0,24571
0,24572
0,24573
0,24574
0,24575
0,24576
1,24577
0,24578
1,24579
1,24580
1,24581
0,24582
1,24583
1,24584
1,24585
0,24586
0,24587
0,24588
1,24589
1,24590
0,24591
0,24592
1,24593
1,24594
0,24595
1,24596
0,24597
0,24598
1,24599
0,24600
0,24601
1,24602
0,24603
1,24604
0,24605
0,24606
0,24607
0,24608
1,24609
1,24610
1,24611
0,24612
0,24613
0,24614
1,24615
0,24616
0,24617
0,24618
0,24619
1,24620
0,24621
0,24622
1,24623
1,24624
1,24625
0,24626
1,24627
0,24628
0,24629
1,24630
1,24631
1,24632
1,24633
0,24634
0,24635
1,24636
1,24637
0,24638
1,24639
0,24640
1,24641
0,24642
1,24643
1,24644
0,24645
1,24646
0,24647
0,24648
0,24649
1,24650
1,24651
1,24652
1,24653
1,24654
1,24655
0,24656
0,24657
0,24658
1,24659
0,24660
0,24661
1,24662
1,24663
1,24664
1,24665
0,24666
1,24667
1,24668
0,24669
0,24670
0,24671
0,24672
1,24673
1,24674
0,24675
0,24676
1,24677
1,24678
1,24679
0,24680
1,24681
0,24682
0,24683
1,24684
0,24685
1,24686
1,24687
0,24688
0,24689
0,24690
0,24691
1,24692
0,24693
1,24694
1,24695
1,24696
1,24697
0,24698
1,24699
0,24700
0,24701
0,24702
0,24703
0,24704
0,24705
1,24706
0,24707
1,24708
1,24709
1,24710
1,24711
0,24712
1,24713
0,24714
1,24715
1,24716
0,24717
1,24718
1,24719
0,24720
0,24721
0,24722
0,24723
0,24724
1,24725
0,24726
1,24727
0,24728
0,24729
0,24730
0,24731
0,24732
1,24733
0,24734
0,24735
0,24736
0,24737
1,24738
0,24739
0,24740
1,24741
0,24742
1,24743
0,24744
1,24745
0,24746
0,24747
1,24748
1,24749
1,24750
1,24751
1,24752
1,24753
1,24754
1,24755
0,24756
1,24757
0,24758
0,24759
1,24760
1,24761
0,24762
1,24763
1,24764
0,24765
0,24766
0,24767
0,24768
1,24769
0,24770
0,24771
0,24772
0,24773
0,24774
0,24775
0,24776
0,24777
1,24778
1,24779
0,24780
1,24781
0,24782
0,24783
0,24784
1,24785
1,24786
0,24787
0,24788
0,24789
0,24790
0,24791
1,24792
0,24793
1,24794
0,24795
0,24796
0,24797
1,24798
1,24799
1,24800
1,24801
1,24802
1,24803
0,24804
1,24805
1,24806
1,24807
1,24808
0,24809
1,24810
0,24811
1,24812
1,24813
0,24814
0,24815
1,24816
1,24817
1,24818
1,24819
0,24820
1,24821
0,24822
0,24823
1,24824
0,24825
1,24826
0,24827
0,24828
1,24829
1,24830
0,24831
0,24832
1,24833
1,24834
0,24835
1,24836
0,24837
0,24838
1,24839
0,24840
1,24841
0,24842
1,24843
0,24844
0,24845
0,24846
0,24847
1,24848
1,24849
1,24850
1,24851
1,24852
1,24853
1,24854
1,24855
1,24856
0,24857
1,24858
0,24859
1,24860
0,24861
1,24862
0,24863
0,24864
0,24865
0,24866
1,24867
0,24868
0,24869
1,24870
0,24871
1,24872
0,24873
0,24874
1,24875
1,24876
1,24877
1,24878
0,24879
0,24880
0,24881
1,24882
1,24883
0,24884
1,24885
0,24886
0,24887
1,24888
0,24889
1,24890
0,24891
1,24892
1,24893
1,24894
0,24895
1,24896
1,24897
1,24898
1,24899
0,24900
0,24901
1,24902
0,24903
0,24904
0,24905
1,24906
0,24907
1,24908
1,24909
0,24910
0,24911
0,24912
0,24913
0,24914
1,24915
1,24916
1,24917
1,24918
0,24919
1,24920
1,24921
0,24922
0,24923
0,24924
0,24925
0,24926
0,24927
1,24928
1,24929
0,24930
0,24931
0,24932
0,24933
1,24934
0,24935
0,24936
1,24937
1,24938
1,24939
0,24940
1,24941
1,24942
0,24943
0,24944
1,24945
1,24946
0,24947
1,24948
0,24949
0,24950
0,24951
0,24952
0,24953
1,24954
0,24955
1,24956
0,24957
0,24958
1,24959
0,24960
1,24961
1,24962
1,24963
1,24964
1,24965
0,24966
0,24967
1,24968
0,24969
0,24970
1,24971
1,24972
0,24973
0,24974
1,24975
0,24976
0,24977
0,24978
0,24979
1,24980
0,24981
0,24982
0,24983
0,24984
0,24985
1,24986
1,24987
1,24988
0,24989
0,24990
1,24991
1,24992
1,24993
1,24994
1,24995
0,24996
1,24997
1,24998
1,24999
1,25000
